218;"Barbie_Nav_new_fla.btn_Teddy_86"
216;"Barbie_Nav_new_fla.bedroom_icontransition_89"
209;"Barbie_Nav_new_fla.btn_Shoe_83"
206;"Barbie_Nav_new_fla.Shoetransition_85"
201;"Barbie_Nav_new_fla.btn_BTV_61"
198;"Barbie_Nav_new_fla.video_icon_82"
146;"Barbie_Nav_new_fla.btn_games_55"
142;"Barbie_Nav_new_fla.GamesTransition_58"
134;"Barbie_Nav_new_fla.btn_ICanBe_51"
132;"Barbie_Nav_new_fla.iCanBe_over_icon_54"
126;"Barbie_Nav_new_fla.btn_butterflies_1"
120;"Barbie_Nav_new_fla.crowntransition_49"
116;"Barbie_Nav_new_fla.FeePJ_PixieDust_AppDis01_48"
0;"com.BarbieNav"
